{
	"class_name" : "PinholeCameraParameters",
	"extrinsic" : 
	[
		0.99134721125836267,
		0.032889681328672794,
		-0.12707861972954221,
		0.0,
		-0.087962890167746985,
		0.88503161608328318,
		-0.4571450190982605,
		0.0,
		0.097433242189737909,
		0.46436764249365009,
		0.88026669590601092,
		0.0,
		0.029969821987330877,
		-0.30248972470069196,
		0.046693965599670026,
		1.0
	],
	"intrinsic" : 
	{
		"height" : 1016,
		"intrinsic_matrix" : 
		[
			879.88181024498977,
			0.0,
			0.0,
			0.0,
			879.88181024498977,
			0.0,
			923.5,
			507.5,
			1.0
		],
		"width" : 1848
	},
	"version_major" : 1,
	"version_minor" : 0
}